rank,company_name,website,industry,headquarters,employee_count,why_networking,decision_maker,pain_point_1,pain_point_2,pain_point_3,pronto_product,tech_stack,best_outreach_timing,fit_score,score_reason,email_subject,email_body
1,Shift4 Payments,https://www.shift4.com,POS Systems & Payment Processing,"Allentown, PA",300-400,Operates a nationwide network of payment terminals and POS systems across thousands of retail and hospitality locations requiring reliable connectivity for transaction processing and real-time data synchronization.,VP of Infrastructure & Network Operations,Ensuring 99.9%+ uptime across distributed payment terminal networks to prevent transaction failures and revenue loss,Managing connectivity redundancy and failover across thousands of retail/hospitality locations with varying network quality,Reducing latency and packet loss for real-time transaction processing and PCI-DSS compliance with secure data synchronization,LTE,"Likely hybrid of wired broadband (primary) with cellular backup, proprietary payment gateway infrastructure, legacy terminal connectivity with modern cloud integration",Q1-Q2 during annual budget planning cycles when merchants are expanding locations and Shift4 is scaling their terminal footprint; also target post-holiday season (Jan-Feb) when network vulnerabilities from peak volume are identified,9,"Excellent fit: POS/payment processing industry, ideal employee count (300-400), nationwide terminal network requiring reliable connectivity, and direct alignment with Pronto customer profiles like SpotOn and Elavon.",99.9% uptime for Shift4's payment terminals nationwide,"Hi [Name],

I've been following Shift4's growth across retail and hospitality, and I imagine keeping thousands of payment terminals connected and synced in real-time is no small feat—especially when network hiccups directly hit revenue. We work with companies like Toast and SpotOn to solve exactly this: delivering carrier-grade LTE connectivity that eliminates the redundancy headaches and latency issues that kill transaction speeds and compliance.

Given the mission-critical nature of your terminal network, I'd love to explore whether our LTE infrastructure could give your team the 99.9%+ uptime and failover reliability you need without the complexity. Would you have 15 minutes next week for a quick call?

Thanks,
[Your Name]"
2,TouchBistro,https://www.touchbistro.com,Hospitality POS,"San Francisco, CA",150-250,"Provides iPad-based POS solutions to restaurants and bars that depend on seamless WiFi and cellular connectivity for order management, kitchen display systems, and payment processing across multiple locations.",VP of Product Engineering or Director of Infrastructure,WiFi reliability and coverage gaps across multi-location restaurant deployments causing order delays and payment processing failures,"Dependency on single connectivity provider creates service disruption risk when primary network fails, impacting real-time kitchen display systems and customer transactions","Bandwidth contention between iPad POS terminals, kitchen displays, and customer-facing systems during peak dining hours degrading order throughput and checkout speed",LTE,"iPad-based native iOS stack, likely AWS or Google Cloud backend, Stripe or Square payment gateway, WiFi 6 with cellular failover as secondary consideration",Q4 2024 or Q1 2025 when restaurant chains are planning holiday expansion or new location rollouts and evaluating infrastructure reliability before high-volume periods,9,"Excellent fit: Hospitality POS provider, sweet spot employee count (150-250), multi-location restaurant/bar customers with critical WiFi/LTE needs, and strong similarity to Toast customer base.",Fixing WiFi dead zones for TouchBistro locations,"Hey there,

I was looking at TouchBistro's multi-location footprint and realized something: when WiFi drops during dinner rush, your iPad terminals go dark and orders back up in the kitchen. We work with hospitality POS companies like Toast to solve exactly this—blending WiFi, LTE, and 5G so restaurants never lose connectivity, even when one network fails.

The setup gives you automatic failover, better bandwidth during peak hours, and zero payment processing hiccups. Most importantly, your customers don't notice when the network switches—the kitchen display just keeps moving orders.

Worth 15 minutes to see if this fits your deployment model? I can show you how it works at other multi-unit restaurants.

Cheers"
3,Clover (Fiserv),https://www.clover.com,POS Systems / Hospitality & Retail,"Mountain View, CA",200-300,"Clover operates cloud-based POS systems across thousands of merchant locations requiring reliable WiFi/LTE connectivity for payment processing, inventory management, and customer analytics. Their distributed network of retail and hospitality partners needs robust wireless infrastructure for seamless operations.",VP of Infrastructure & Network Operations,"Ensuring 99.9%+ uptime across distributed merchant locations with varying WiFi quality, impacting payment processing reliability and customer transactions","Managing network congestion during peak hours in high-density retail/hospitality venues where multiple POS terminals, inventory systems, and customer analytics compete for bandwidth","Reducing support tickets and on-site troubleshooting costs from connectivity issues at thousands of merchant endpoints, each with different ISP quality and hardware capabilities",WiFi,Likely Cisco or Ubiquiti wireless infrastructure at merchant locations with cloud-based Clover backend; potential mix of legacy and modern WiFi 5/6 access points across their partner network,Q1 or Q3 when retail/hospitality partners plan annual technology refresh cycles and budget allocation; target post-holiday season (Jan-Feb) when performance issues from peak periods are documented,9,"Perfect ICP match: POS/hospitality industry, 200-300 employees in sweet spot, distributed merchant network with critical networking needs, and direct competitor to known Pronto customers like Toast and SpotOn.",Fixing WiFi reliability for Clover merchants (99.9% uptime),"Hi [Name],

We work with POS companies like Toast and SpotOn to solve a problem I'm guessing hits Clover hard: merchants losing transactions and customers because WiFi drops during peak hours. When you're managing connectivity across thousands of locations with different ISPs and hardware, reliability becomes everything.

Our WiFi infrastructure is built specifically for distributed retail and hospitality environments—it handles the congestion, stays up when it matters most, and cuts down those expensive support tickets from connectivity issues. Given Clover's scale, we've seen companies similar to yours reduce downtime by eliminating the weak links in their merchant networks.

Would you be open to a quick 15-minute call to see if we're a fit for your infrastructure roadmap?

Best,
[Your Name]"
4,Heartland Payment Systems,https://www.heartlandpaymentsystems.com,POS Systems & Payment Processing,"Lincoln, Nebraska",300-400,Operates thousands of connected POS terminals across retail and hospitality venues that require reliable WiFi/LTE connectivity for payment processing and real-time transaction management.,VP of Network Operations or Director of Infrastructure,Ensuring 99.9%+ uptime across thousands of distributed POS terminals to prevent transaction failures and revenue loss,"Managing connectivity reliability in diverse venue environments (retail stores, restaurants) with inconsistent WiFi infrastructure from venue operators","Reducing support costs and troubleshooting time when POS devices lose connectivity, impacting customer experience and payment processing",LTE,"Likely hybrid of venue-provided WiFi with cellular failover, proprietary POS management platform, cloud-based transaction processing, with potential legacy on-premise infrastructure",Q1-Q2 following holiday season when payment processing reliability issues surface and budgets reset; target during POS infrastructure modernization cycles or when expanding to new venue types,9,"Perfect ICP match: POS/payment processing industry, ideal employee count (300-400), thousands of connected devices requiring reliable connectivity, and direct alignment with Toast/SpotOn customer profile.",Fixing connectivity issues for Heartland's distributed POS network,"Hi [Name],

I've been following Heartland's growth in POS processing, and I imagine managing reliable connectivity across thousands of terminals in different venues is a real headache—especially when spotty WiFi from venue operators tanks your uptime and impacts transactions. We've worked with payment processors like SpotOn who faced the same challenge, and they've cut their connectivity-related support costs significantly by layering in dedicated LTE connectivity as a failover.

Pronto's LTE infrastructure gives you that reliability guarantee without relying on venue WiFi quality. Given your scale, I think there's a real opportunity to reduce your support burden and hit that 99.9%+ uptime you need.

Would you have 15 minutes next week to explore how this could work for Heartland?"
5,Micros Systems (Oracle),https://www.oracle.com/hospitality/,Hospitality POS,"Austin, TX",300-400,Operates cloud-connected POS systems across thousands of restaurants and hotels requiring reliable WiFi/LTE for payment processing and real-time inventory management. Needs robust networking infrastructure for multi-location synchronization and guest connectivity.,VP of Product Infrastructure or Director of Cloud Operations,Ensuring consistent WiFi/LTE connectivity across thousands of distributed restaurant and hotel locations for real-time POS transaction processing and inventory synchronization,"Managing network reliability for payment processing systems where downtime directly impacts revenue and customer experience, requiring redundant connectivity solutions",Supporting dual connectivity needs for both critical POS operations and guest-facing WiFi networks without network congestion or security vulnerabilities,LTE,"Oracle Cloud Infrastructure (OCI) backend, cloud-connected POS terminals, likely hybrid WiFi/cellular for failover, legacy on-premises systems at some locations",Q1 2025 when hospitality chains finalize annual IT budgets and network upgrades post-holiday season; target during their product roadmap planning cycles when infrastructure investments are evaluated,9,"Perfect ICP match: hospitality POS leader with 300-400 employees, massive multi-location networking needs, US-based, and directly comparable to Toast/SpotOn customer profile.",Eliminating connectivity gaps across your restaurant & hotel locations,"Hi [Name],

I was looking at how Micros handles POS connectivity across thousands of locations and realized network reliability is probably keeping you up at night—one dropped connection during peak service impacts revenue and guest experience instantly. We work with hospitality POS providers like Toast who faced similar challenges managing both critical transaction processing and guest WiFi without network congestion or security issues.

Prono Networks' LTE infrastructure gives you redundant, enterprise-grade connectivity specifically built for distributed locations, so your payment systems stay live even when primary connections fail. Rather than pitch, I'd love to understand your current setup in a quick 15-minute call and see if this could reduce your downtime headaches.

Would next Tuesday or Wednesday work for a brief conversation?"
6,PAR Technology,https://www.partech.com/,Hospitality Technology,"New York, NY",250-350,"Provides connected restaurant management systems and POS solutions that depend on continuous WiFi and cellular connectivity for order management, payment processing, and kitchen display systems across multiple venues.",VP of Product Engineering or Director of Infrastructure,Ensuring reliable WiFi and cellular redundancy across multiple restaurant locations to prevent POS downtime and failed payment processing,"Managing network performance degradation during peak dining hours when multiple kitchen displays, ordering terminals, and customer-facing devices compete for bandwidth",Reducing dependency on venue-provided WiFi quality which varies significantly and creates support burden for distributed restaurant operators,WiFi,"Cloud-based POS (likely AWS or Azure), Stripe or Square payment processing, on-premise kitchen display systems, cellular backup for payment terminals, standard enterprise WiFi mesh networks",Q4 2024 or Q1 2025 when restaurants finalize annual technology budgets and plan holiday season infrastructure upgrades to handle increased transaction volume,9,"Excellent fit: hospitality technology provider in sweet spot employee range (250-350), critical WiFi/cellular dependency for connected POS systems, US headquarters, and strong alignment with Pronto customer base.",Eliminating WiFi-related POS downtime at PAR restaurant locations,"Hi there,

We work with restaurant tech companies like Toast and SpotOn to solve a problem I suspect hits PAR hard: when WiFi degrades during peak dinner service, it cascades into failed payments, backed-up kitchen displays, and frustrated on-site support calls across dozens of locations.

Our WiFi infrastructure gives your customers reliable, redundant connectivity that actually holds up when every ordering terminal, kitchen display, and payment device is firing at once—no more blaming the venue's network. Since your customers depend on continuous connectivity for order management and payment processing, eliminating that dependency on spotty venue WiFi could be a real differentiator for PAR.

Would you be open to a quick 15-minute call to see if this could fit into your product roadmap?

Thanks,
[Your Name]"
7,Ingenico,https://www.ingenico.com,POS Systems & Payment Processing,"Atlanta, Georgia",200-400,Operates thousands of connected payment terminals across retail and hospitality venues that require reliable WiFi/LTE connectivity for transaction processing and real-time data sync. Their distributed network of devices demands robust wireless infrastructure.,VP of Network Operations or Director of Infrastructure,Ensuring 99.9%+ uptime across thousands of distributed payment terminals to prevent transaction failures and revenue loss at point-of-sale,Managing connectivity costs and redundancy across geographically dispersed retail and hospitality locations with varying ISP quality and availability,Real-time data synchronization and fraud detection requiring ultra-reliable wireless backhaul with minimal latency for thousands of concurrent payment processing requests,LTE,"Combination of carrier LTE/4G with WiFi 5/6 fallback, likely proprietary payment gateway software, cloud-based transaction processing infrastructure, and legacy on-premise management systems for terminal fleet management","Q4 before annual budget cycles, emphasizing how LTE redundancy reduces payment processing downtime costs and positions them ahead of Toast/SpotOn integrations in the competitive POS market",9,"Perfect ICP match: POS payment processing industry, ideal employee size (200-400), thousands of distributed connected devices requiring reliable connectivity, US-based, and directly comparable to Toast/SpotOn ecosystem.",Reducing payment terminal downtime at Ingenico,"Hi [Name],

Every second a payment terminal goes offline costs Ingenico revenue—we get it. Managing connectivity across thousands of distributed POS devices with varying ISP quality is a nightmare, especially when fraud detection and real-time transaction sync can't afford even milliseconds of latency.

We've helped payment processors like Toast and SpotOn eliminate connectivity dead zones by deploying resilient LTE infrastructure that handles thousands of concurrent transactions without breaking a sweat. The result? 99.9%+ uptime, reduced ISP redundancy costs, and the network reliability your terminals actually need.

Would love to show you how this could work for Ingenico's footprint—just 15 minutes to see if it's a fit?"
8,Cake Technologies,https://www.getcake.com,Hospitality (Restaurant Management),"San Francisco, California",150-250,"Provides restaurant management software and integrations for multi-location hospitality businesses requiring stable connectivity across stores for POS systems, online ordering, and kitchen display systems.",VP of Operations or Director of Infrastructure,Network reliability and latency issues across multi-location deployments affecting POS uptime and customer transactions,Inconsistent connectivity for kitchen display systems and real-time order synchronization between online ordering platforms and physical stores,Bandwidth congestion during peak hours impacting payment processing speed and inventory management system performance,LTE,"Cloud-based SaaS platform with on-premise POS terminals, likely leveraging AWS or similar cloud infrastructure, integrated with third-party payment processors and kitchen management systems",Q1 or Q3 - coinciding with annual infrastructure planning cycles or post-holiday season when expansion and system upgrades are evaluated,9,"Excellent ICP fit: hospitality/restaurant vertical, sweet spot employee count (150-250), multi-location businesses with critical POS/kitchen connectivity needs, and strong alignment with Toast/Lightspeed customer profiles.",Fixing POS downtime across your restaurant locations,"Hi [Name],

We work with hospitality tech companies like Toast to solve the exact problem you're likely experiencing—network reliability tanking during peak hours, which kills POS uptime and real-time order syncing between locations. At Cake Technologies, that translates to transaction delays, kitchen display lag, and frustrated customers.

Proto's LTE infrastructure eliminates bandwidth congestion and latency issues that plague multi-location deployments, ensuring your payment processing and inventory management stay rock-solid when it matters most.

Would you be open to a quick 15-minute call to see how this could apply to your network setup?"
9,Upserve,https://www.upserve.com,Hospitality / POS Systems,"Providence, Rhode Island",300-400,"Upserve provides cloud-based restaurant management and POS solutions that require reliable WiFi and LTE connectivity across multiple restaurant locations for real-time order processing, payment transactions, and kitchen display systems.",VP of Operations or Director of IT Infrastructure,Network reliability issues causing POS transaction failures and payment processing delays across multiple restaurant locations,WiFi dead zones in kitchens and dining areas impacting real-time kitchen display system synchronization and order accuracy,"High bandwidth demands from simultaneous payment processing, cloud sync, and customer-facing systems straining existing connectivity infrastructure",WiFi,"Cloud-based POS (proprietary), Likely Cisco or Aruba WiFi infrastructure, Multiple LTE backup providers, Payment processing via third-party gateways, Kitchen display systems on standard networking","Q4 during holiday season planning when restaurants are expanding locations and upgrading systems for peak traffic, or after identifying multi-location expansion announcements",9,"Excellent ICP fit: hospitality/POS industry, 300-400 employees in sweet spot, multi-location networking needs, US-based, and directly comparable to Toast/SpotOn customer profile.",Fixing WiFi dead zones killing your POS reliability,"Hey there,

I noticed Upserve powers POS systems across multiple restaurant locations, which means network downtime hits your bottom line fast—especially when WiFi dead zones in kitchens knock out kitchen display systems or payment processing lags during peak hours.

We work with restaurant tech companies like Toast to eliminate exactly this problem. Pronto's WiFi infrastructure is built for high-density environments with simultaneous transactions and cloud sync demands, so your payment processing stays fast and your KDS stays in sync, even during dinner rush.

Would be worth a quick 15-minute call to see if we can help Upserve's customers avoid these connectivity headaches. Are you free early next week?"
10,Apt,https://www.apt.com,Retail / POS Systems,"Austin, Texas",150-250,"Apt develops retail POS and inventory management software for small and mid-sized retailers that depend on stable WiFi and mobile connectivity to sync sales data, manage inventory across locations, and process payments seamlessly.",VP of Infrastructure / Head of Network Operations,WiFi reliability issues causing POS transaction failures and inventory sync delays across multiple retail locations,Inconsistent mobile connectivity impacting real-time payment processing and customer-facing mobile checkout experiences,Network latency and dropouts during peak sales periods leading to lost transactions and poor inventory visibility,WiFi,"Cloud-based POS with REST APIs, mobile iOS/Android apps, real-time inventory sync, likely AWS or similar cloud infrastructure, integrated payment processing (Stripe/Square compatible)","Q4 planning cycle (September-October) when retailers prepare infrastructure for holiday season peak traffic, or after identifying customers with multi-location deployments experiencing connectivity scaling challenges",9,"Excellent ICP fit: retail/POS industry, 150-250 employees in ideal range, multi-location connectivity requirements, US-based, and strong alignment with Lightspeed Retail/365 Retail Markets customer segment.",Fixing WiFi reliability for Apt's retail customers,"Hi there,

I noticed Apt powers POS and inventory systems for retailers who can't afford network downtime—especially during peak sales when every second counts. We've been working with companies like Toast to solve exactly this: unreliable WiFi causing transaction failures and inventory sync delays across multiple locations.

Proonto's WiFi infrastructure is purpose-built for retail environments where consistent connectivity directly impacts revenue. I'd love to show you how we're helping similar POS platforms eliminate the latency and dropouts that frustrate your customers.

Would you have 15 minutes next week to explore how this could work for Apt?"
11,Vend,https://www.vendhq.com,Retail POS,"New York, NY",200-350,"Cloud-based retail POS platform serving independent and multi-location retailers requiring robust WiFi and LTE connectivity for inventory management, sales transactions, and omnichannel operations across store networks.",VP of Product Infrastructure,Ensuring consistent cloud connectivity across multi-location retail networks to prevent POS transaction failures and inventory sync delays,Managing WiFi reliability in high-density retail environments with multiple connected devices competing for bandwidth during peak sales hours,Reducing dependency on single ISP connectivity for critical payment processing and omnichannel operations to improve uptime SLAs,WiFi,"AWS cloud infrastructure, Stripe or Square payment processing, third-party WiFi with cellular failover, iOS/Android POS terminals","Q1-Q2 when retailers plan infrastructure upgrades for peak season (summer), or immediately after holiday season when network strain issues surface",8,"Strong fit: Retail POS platform, ideal employee count (200-350), multi-location retailers requiring network connectivity, and similar to Lightspeed Retail and 365 Retail Markets customers.",,
12,Bluefin Payment Systems,https://www.bluefinpayments.com,POS Systems / Payments,"Smyrna, GA",150-250,"Bluefin provides payment solutions and POS systems to hospitality and retail merchants who require secure, high-availability network connectivity for credit card processing and real-time transaction reporting across multiple store locations.",VP of Infrastructure & Network Operations,Network reliability and uptime requirements for PCI-DSS compliance across distributed payment processing infrastructure,Bandwidth congestion during peak transaction periods affecting real-time reporting and settlement processing for multi-location merchants,Coverage gaps and failover connectivity needs for secure data transmission between merchant locations and payment processing centers,LTE,"Likely hybrid of on-premise payment servers with cloud-based transaction processing, leveraging private network connectivity and VPN tunneling for PCI compliance",Q4 ahead of holiday retail season when merchants plan infrastructure upgrades for peak transaction volumes and network reliability becomes critical,8,"Excellent fit: POS/payments in hospitality/retail, 150-250 employees in ideal range, multi-location merchants requiring reliable connectivity, though slightly less direct alignment than Toast/SpotOn ecosystem.",,
13,Guest Innovations,https://www.guestinnovations.com,Hospitality Technology,"Austin, Texas",75-150,Delivers guest WiFi and connected hospitality systems for hotels and venues that depend on robust wireless infrastructure for guest connectivity and back-of-house operations.,VP of Technology or Director of Network Infrastructure,"Guest WiFi reliability and capacity management across multiple properties, causing poor guest satisfaction and operational friction",Integration complexity between guest-facing WiFi systems and back-of-house POS/operations networks requiring separate infrastructure management,Network congestion during peak occupancy periods affecting both guest connectivity and critical hospitality operations like reservations and payments,WiFi,"Likely Cisco or Ubiquiti wireless infrastructure with custom guest portal software, integrated with property management systems like Opera or Micros, possibly using Ruckus or Arista for larger deployments","Q4 or early Q1 during annual infrastructure planning and budget cycles, targeting growth-phase hotels or multi-property operators evaluating unified network solutions to support POS integrations like Toast or SpotOn",8,"Excellent fit: hospitality industry with guest WiFi focus, employee count in sweet spot (75-150), strong networking requirements, and direct alignment with venue-based connectivity needs of Toast/SpotOn customers.",,
14,Dude Solutions,https://www.dudesolutions.com,Facility Management & Smart Buildings,"Raleigh, North Carolina",250-450,"Delivers software and IoT solutions for facility management across retail, healthcare, and commercial properties that need comprehensive WiFi and cellular infrastructure to support connected sensors, access control, and mobile workforce applications.",VP of Operations or Director of IT Infrastructure,"Managing reliable connectivity across distributed retail and healthcare properties with varying infrastructure quality, impacting IoT sensor reliability and real-time facility monitoring","Supporting bandwidth-intensive mobile workforce applications and access control systems simultaneously while maintaining secure, low-latency connections for critical facility operations",Scaling WiFi infrastructure cost-effectively across multiple property types and locations without redundant equipment or service contracts that strain facility management budgets,WiFi,"Likely using Cisco, Arista, or Ubiquiti for networking; integration with platforms like ServiceTitan or Corrigo for work order management; IoT sensors from vendors like Honeywell or Johnson Controls; AWS or Azure for cloud backend","Q4 during annual budget planning cycles, or following their funding announcements when they're expanding platform capabilities and property coverage",8,"Strong ICP fit: facility management across retail/healthcare verticals with significant IoT and mobile device connectivity requirements, ideal employee size (250-450), though less direct alignment than pure POS/hospitality plays.",,
15,Tenant,https://www.tenant.com,Healthcare - Clinic Management,"Minneapolis, MN",500-800,"Manages healthcare clinics and urgent care facilities requiring reliable WiFi and mobile connectivity for patient records, telemedicine, and connected medical devices.",VP of IT Operations or Director of Clinical IT Infrastructure,Ensuring uninterrupted WiFi connectivity across multiple clinic locations for real-time access to electronic health records and patient data without HIPAA compliance risks,Supporting bandwidth-intensive telemedicine and remote patient monitoring while maintaining network reliability during peak hours across urgent care facilities,"Managing connectivity for medical IoT devices (vital sign monitors, diagnostic equipment) that require low-latency, secure networks with fallback connectivity options",WiFi with LTE backup,"Likely Cisco or Arista WiFi infrastructure, Epic or Cerner EHR systems, VPN-based security with corporate IT oversight, possibly some legacy network equipment given healthcare IT cycles","Q1 or Q4 during budget planning cycles, or after industry conferences (HIMSS in March), when clinic networks are being refreshed post-COVID telemedicine expansion and IT leaders are evaluating redundancy solutions",8,"Excellent fit with healthcare industry presence, employee count (500-800) within sweet spot, multi-facility networking needs, and clear requirement for reliable WiFi/LTE connectivity for critical operations.",,
16,Olo,https://www.olo.com,Hospitality & Food Service Technology,"New York, NY",300-400,"Olo operates a cloud-based ordering platform for restaurants and food delivery that requires robust WiFi and LTE connectivity across thousands of restaurant locations for POS integration, online ordering, and real-time data synchronization. Their distributed network of restaurant partners depends on reliable multi-channel connectivity to process orders and manage operations seamlessly.",VP of Infrastructure & Operations,Ensuring consistent WiFi/LTE connectivity across thousands of distributed restaurant locations for real-time POS integration and order synchronization,Managing network reliability and failover capabilities to prevent order processing delays and data loss during peak dining hours,"Reducing latency and connectivity gaps in dense urban restaurants where multiple payment systems, ordering terminals, and delivery integrations must operate simultaneously",WiFi,"Likely cloud-native infrastructure (AWS/Azure), Twilio or similar for communications, Square/Toast-adjacent payment processors, multi-carrier cellular fallback","Q4 2024 or Q1 2025, as restaurants plan holiday operational upgrades and budget for reliability improvements heading into peak season; also target during their quarterly earnings cycles when infrastructure ROI is discussed internally",8,"Perfect industry match (food service/hospitality), ideal employee size, thousands of distributed locations with critical networking needs, strong US presence, and direct alignment with Toast/SpotOn customer profiles.",,
17,Zebra Technologies,https://www.zebra.com,Retail & Healthcare IoT,"Lincolnshire, Illinois",5000,"Zebra manufactures mobile devices, barcode scanners, and IoT solutions for retail and healthcare that require seamless wireless connectivity for data capture and transmission. Their enterprise customers need reliable 5G and WiFi infrastructure to support device networks.",VP of IoT Infrastructure or Director of Network Operations,"Managing reliable wireless connectivity across thousands of retail and healthcare locations to support simultaneous device networks (scanners, mobile terminals, tablets) without network congestion or dropped connections","Ensuring consistent data transmission for mission-critical healthcare applications and inventory management systems that require low-latency, high-availability networks with minimal downtime",Supporting rapid device onboarding and roaming across multi-location enterprise deployments while maintaining security and managing heterogeneous device types across different wireless standards,5G,"Zebra devices leverage enterprise-grade WiFi 6/6E and cellular connectivity; likely using a mix of Cisco/Arista wireless infrastructure, Qualcomm 5G modules, and on-premise/hybrid network management platforms with Zebra's LifeGuard security suite",Q4 planning cycle (September-October) when enterprise IT leaders budget for next-year infrastructure upgrades; align messaging with 5G enterprise deployments in healthcare and retail verticals where Zebra is expanding IoT solutions,7,"Strong industry match (retail/healthcare IoT) with excellent networking needs and US presence, but 5000 employees exceeds sweet spot range.",,
18,SeamlessWifi,https://www.seamlesswifi.com,Retail / Smart Venues,"Austin, TX",100-200,"SeamlessWifi operates WiFi infrastructure and guest connectivity solutions for retail stores and venues, requiring advanced networking capabilities including reliable LTE/5G backhaul to support their customer-facing wireless networks and analytics platforms.",VP of Network Infrastructure,Backhaul reliability challenges supporting thousands of concurrent guest connections across multiple retail locations with inconsistent carrier coverage,Network latency and bandwidth constraints impacting real-time analytics data collection and guest experience personalization features,Cost optimization of multi-carrier redundancy requirements to ensure uptime SLAs across geographically dispersed venue deployments,5G,"Likely combination of Cisco/Ubiquiti WiFi access points, primary carrier LTE backhaul with limited 5G adoption, on-premise analytics engines, and integration with POS platforms similar to Toast/SpotOn ecosystem",Q1-Q2 when retail venues plan network upgrades post-holiday season and budget for infrastructure improvements aligns with fiscal planning cycles,7,"Good fit: Smart venues/retail focus with 100-200 employees and clear LTE/5G backhaul needs, but as a WiFi infrastructure provider they may be more of a technology partner than end-customer compared to core POS/merchant customers.",,
19,Swiftly,https://www.swiftly.com,Smart City & Connected Retail,"San Francisco, California",150-250,"Provides connected infrastructure solutions for retail and public spaces using real-time wireless connectivity to power digital signage, IoT sensors, and location-based services.",VP of Infrastructure & Operations,"Managing reliable, low-latency wireless connectivity across distributed retail locations and public spaces for real-time IoT sensor data and digital signage",Ensuring consistent network performance for location-based services and customer analytics while minimizing deployment complexity across multiple venue types,Scaling wireless infrastructure cost-effectively as customer base grows without sacrificing coverage quality or network security for sensitive retail data,WiFi,"Likely leveraging Cisco or Arista networking hardware, AWS or Azure cloud infrastructure, edge computing platforms for real-time processing, and proprietary IoT connectivity layers for retail-specific applications",Q1-Q2 when retail partners plan annual infrastructure upgrades and budgets are allocated; also during expansion phases when entering new venue types or geographic markets requiring upgraded connectivity solutions,7,"Strong fit: connected retail/IoT focus with solid employee count (150-250), but smart city positioning is broader than core hospitality/retail/healthcare verticals and less directly comparable to primary Pronto customers.",,
20,Appetize Technologies,https://www.appetize.com/,Retail POS & Hospitality,"San Francisco, CA",80-150,"Delivers mobile POS and ordering solutions for retail and food service businesses requiring reliable WiFi and 4G/5G for seamless card transactions, customer engagement, and real-time data synchronization across locations.",VP of Operations or Director of IT Infrastructure,Unreliable WiFi connectivity causing failed card transactions and customer checkout delays across multi-location deployments,Network congestion during peak hours limiting real-time data synchronization between POS terminals and cloud backend systems,Coverage gaps in retail and food service venues requiring cellular backup for mission-critical payment processing,WiFi,"Cloud-based POS platform with mobile SDKs, likely leveraging AWS or Google Cloud for backend services, integrated payment processors (Stripe, Square, or similar), and mobile devices running iOS/Android",Q4 2024 or early Q1 2025 - align with holiday season recovery planning and annual infrastructure budget cycles when retailers evaluate network reliability investments,7,"Good fit: retail/hospitality POS solution with solid networking needs and US presence, but smaller employee count (80-150) is below sweet spot and less established than primary ICP comparables.",,
21,The Fresh Market,https://www.thefreshmarket.com,Retail - Grocery,"Greensboro, NC","2,000+","Operates 160+ specialty grocery stores requiring robust WiFi for POS systems, inventory management, and customer connectivity across all locations.",VP of Store Operations or Director of IT Infrastructure,Unreliable WiFi connectivity across 160+ locations causing POS transaction failures and inventory sync delays during peak shopping hours,Inconsistent network performance between stores affecting real-time customer data collection and loyalty program integration,High cost of maintaining disparate connectivity solutions across geographically dispersed locations with varying infrastructure quality,WiFi,"Likely hybrid of legacy on-premise WiFi systems with some cloud-based POS integration (possibly NCR Aloha or similar), using standard retail networking infrastructure with potential cellular backup gaps",Q4 2024 or Q1 2025 - post-holiday season when IT budgets are being allocated for next fiscal year and stores have documented connectivity pain points from peak season operations,7,"Strong industry match (retail/grocery) with significant multi-location networking needs, but employee count (2,000+) exceeds sweet spot and company size suggests they may already have established enterprise solutions.",,
22,Square,https://www.square.com,POS Systems & Payments,"San Francisco, California",8000,Square provides POS systems and payment solutions requiring reliable connectivity across thousands of retail and hospitality locations. Their hardware ecosystem depends on robust WiFi and LTE networks for transaction processing and real-time inventory management.,VP of Network Infrastructure or Director of Hardware Engineering,Ensuring consistent transaction processing uptime across thousands of distributed retail and hospitality locations with varying network quality,Managing connectivity redundancy and failover capabilities for mission-critical POS hardware that cannot tolerate payment processing delays,Optimizing network costs while maintaining low-latency connectivity for real-time inventory sync and customer data across their hardware ecosystem,LTE,"Proprietary Square Reader hardware running Android, likely leveraging carrier partnerships (Verizon/AT&T) for primary connectivity with WiFi fallback, cloud-based transaction processing via AWS","Q1-Q2 2024 (budget planning cycles) or following any major outages affecting their merchant base, positioning LTE redundancy as critical infrastructure investment for reliability",6,"Perfect industry fit (POS/payments) and US presence, but company size of 8000 employees is significantly above sweet spot, limiting relevance as a direct customer.",,
23,Gather Technologies,https://www.gathertech.com,Healthcare / Smart Cities IoT,"San Francisco, California",100-200,"Gather Technologies provides IoT connectivity solutions for smart buildings and healthcare facilities that require robust 5G, LTE, and WiFi infrastructure to support connected medical devices, occupancy sensors, and real-time facility management systems.",Director of Clinical Engineering or VP of Facility Operations,"Managing reliable connectivity across multiple building zones with inconsistent WiFi coverage in older healthcare facilities, causing medical device disconnections and delays in patient monitoring","High costs of maintaining separate LTE/5G contracts and infrastructure for backup connectivity when primary networks fail, impacting real-time occupancy and asset tracking systems","Difficulty scaling IoT deployments across smart building systems (HVAC, lighting, security) while ensuring HIPAA-compliant, low-latency connections for connected medical devices",5G,Cisco Meraki or Arista WiFi infrastructure with legacy LTE gateways; likely running IoT platforms like AWS IoT Core or Azure IoT Hub for device management and analytics,"Q1 or Q3 during healthcare facility budget planning cycles, or immediately after industry conferences like HIMSS where smart building adoption is discussed; target after any recent facility expansion announcements",6,"Moderate fit: strong networking needs and US presence, but healthcare/IoT focus is adjacent rather than core to Pronto's POS/hospitality expertise, and 100-200 employees is below sweet spot.",,
24,NCR Voyix,https://www.ncrvoyx.com,POS Systems & Hospitality Technology,"Atlanta, Georgia",9000,"NCR Voyix delivers POS, self-service kiosks, and digital ordering systems for restaurants and retail, all requiring stable connectivity for order processing and customer engagement. Their solutions depend on enterprise-grade WiFi and LTE networks across distributed locations.",VP of Infrastructure & Operations,Ensuring consistent WiFi coverage across multi-location restaurant and retail deployments to prevent POS transaction failures and customer engagement interruptions,"Managing network reliability for real-time order processing, payment systems, and self-service kiosks that cannot tolerate connectivity dropouts",Balancing costs of deploying redundant connectivity solutions (WiFi + cellular backup) across hundreds of distributed venues without over-provisioning,WiFi,"Enterprise WiFi 6/6E infrastructure, Cisco or Arista switching, LTE cellular backup for critical POS terminals, cloud-based device management platforms, likely integration with Toast, SpotOn, or similar POS ecosystems","Q1 or Q4 when NCR Voyix plans annual infrastructure refresh cycles and budgets for reliability improvements, or when major restaurant/retail clients report seasonal connectivity issues during peak transaction periods",5,"Excellent industry fit (POS/hospitality/kiosks) and US presence, but 9000 employees is well outside sweet spot and company focuses on software/hardware rather than network infrastructure.",,
25,Brinker International,https://www.brinker.com,Hospitality - Restaurant,"Dallas, TX","100,000+","Operates Chili's and Maggiano's with thousands of locations requiring enterprise WiFi/LTE for POS, kitchen displays, mobile ordering, and guest connectivity.",VP of Information Technology or Director of Network Operations,Unreliable POS and kitchen display system connectivity across thousands of locations causing transaction failures and order delays during peak service hours,Inconsistent guest WiFi experience leading to poor customer satisfaction and inability to support mobile ordering and loyalty program engagement,High operational costs managing multiple network vendors and connectivity solutions across geographically dispersed Chili's and Maggiano's locations with varying infrastructure quality,WiFi,"Likely combination of Cisco or Arista networking infrastructure, multiple regional carriers for LTE backup, on-premises WiFi from vendors like Ruckus or Ubiquiti, integrated with Toast or similar POS systems for transaction processing","Q4 2024 or Q1 2025 when restaurants finalize annual IT budgets and evaluate infrastructure upgrades for the following fiscal year, especially if they are rolling out new mobile ordering capabilities or refreshing aging WiFi equipment",3,"Despite perfect industry fit (hospitality/restaurant), the 100,000+ employee count and thousands of locations indicate a large enterprise that likely has dedicated IT infrastructure and wouldn't be an ICP match.",,
